<?xml version = "1.0" encoding = "UTF-8"?>
<beans xmlns = "http://www.springframework.org/schema/beans"
       xmlns:xsi = "http://www.w3.org/2001/XMLSchema-instance"
       xmlns:context = "http://www.springframework.org/schema/context"
       xsi:schemaLocation = "http://www.springframework.org/schema/beans
      http://www.springframework.org/schema/beans/spring-beans-3.0.xsd
      http://www.springframework.org/schema/context
      http://www.springframework.org/schema/context/spring-context-3.0.xsd">

    <context:annotation-config />
    <context:component-scan base-package="org.example" />


    <!-- bean definitions go here -->
    <bean id="myCar" class="org.example.Car">
        <!-- You can configure properties of the UserService here if needed -->
    </bean>
    <bean id="myTyre" class="org.example.Tyre">
        <!-- You can configure properties of the Tyre here if needed -->
        <!--here we are injecting the property of class using xml file configuration.-->
        <property name="brand" value="EMF"></property>
    </bean>




</beans>